<annotation>
	<folder>lbl</folder>
	<filename>img4863.jpg</filename>
	<path>D:\Ders\DeepLearning\Calismalar\lbl\img4863.jpg</path>
	<source>
		<database>Unknown</database>
	</source>
	<size>
		<width>235</width>
		<height>103</height>
		<depth>3</depth>
	</size>
	<segmented>0</segmented>
	<object>
		<name>wheat</name>
		<pose>Unspecified</pose>
		<truncated>1</truncated>
		<difficult>0</difficult>
		<bndbox>
			<xmin>1</xmin>
			<ymin>14</ymin>
			<xmax>234</xmax>
			<ymax>103</ymax>
		</bndbox>
	</object>
</annotation>
