<annotation>
	<folder>lbl</folder>
	<filename>img4968.jpg</filename>
	<path>D:\Ders\DeepLearning\Calismalar\lbl\img4968.jpg</path>
	<source>
		<database>Unknown</database>
	</source>
	<size>
		<width>110</width>
		<height>154</height>
		<depth>3</depth>
	</size>
	<segmented>0</segmented>
	<object>
		<name>wheat</name>
		<pose>Unspecified</pose>
		<truncated>0</truncated>
		<difficult>0</difficult>
		<bndbox>
			<xmin>3</xmin>
			<ymin>20</ymin>
			<xmax>106</xmax>
			<ymax>142</ymax>
		</bndbox>
	</object>
</annotation>
