<annotation>
	<folder>lbl</folder>
	<filename>img4956.jpg</filename>
	<path>D:\Ders\DeepLearning\Calismalar\lbl\img4956.jpg</path>
	<source>
		<database>Unknown</database>
	</source>
	<size>
		<width>75</width>
		<height>80</height>
		<depth>3</depth>
	</size>
	<segmented>0</segmented>
	<object>
		<name>wheat</name>
		<pose>Unspecified</pose>
		<truncated>0</truncated>
		<difficult>0</difficult>
		<bndbox>
			<xmin>2</xmin>
			<ymin>9</ymin>
			<xmax>69</xmax>
			<ymax>79</ymax>
		</bndbox>
	</object>
</annotation>
