<annotation>
	<folder>lbl</folder>
	<filename>img4974.jpg</filename>
	<path>D:\Ders\DeepLearning\Calismalar\lbl\img4974.jpg</path>
	<source>
		<database>Unknown</database>
	</source>
	<size>
		<width>87</width>
		<height>96</height>
		<depth>3</depth>
	</size>
	<segmented>0</segmented>
	<object>
		<name>wheat</name>
		<pose>Unspecified</pose>
		<truncated>1</truncated>
		<difficult>0</difficult>
		<bndbox>
			<xmin>4</xmin>
			<ymin>9</ymin>
			<xmax>87</xmax>
			<ymax>93</ymax>
		</bndbox>
	</object>
</annotation>
