<annotation>
	<folder>lbl</folder>
	<filename>img4880.jpg</filename>
	<path>D:\Ders\DeepLearning\Calismalar\lbl\img4880.jpg</path>
	<source>
		<database>Unknown</database>
	</source>
	<size>
		<width>104</width>
		<height>45</height>
		<depth>3</depth>
	</size>
	<segmented>0</segmented>
	<object>
		<name>wheat</name>
		<pose>Unspecified</pose>
		<truncated>1</truncated>
		<difficult>0</difficult>
		<bndbox>
			<xmin>10</xmin>
			<ymin>9</ymin>
			<xmax>92</xmax>
			<ymax>45</ymax>
		</bndbox>
	</object>
</annotation>
