<annotation>
	<folder>lbl</folder>
	<filename>img4803.jpg</filename>
	<path>D:\Ders\DeepLearning\Calismalar\lbl\img4803.jpg</path>
	<source>
		<database>Unknown</database>
	</source>
	<size>
		<width>93</width>
		<height>55</height>
		<depth>3</depth>
	</size>
	<segmented>0</segmented>
	<object>
		<name>wheat</name>
		<pose>Unspecified</pose>
		<truncated>1</truncated>
		<difficult>0</difficult>
		<bndbox>
			<xmin>12</xmin>
			<ymin>1</ymin>
			<xmax>79</xmax>
			<ymax>40</ymax>
		</bndbox>
	</object>
</annotation>
