<annotation>
	<folder>lbl</folder>
	<filename>img4891.jpg</filename>
	<path>D:\Ders\DeepLearning\Calismalar\lbl\img4891.jpg</path>
	<source>
		<database>Unknown</database>
	</source>
	<size>
		<width>81</width>
		<height>101</height>
		<depth>3</depth>
	</size>
	<segmented>0</segmented>
	<object>
		<name>wheat</name>
		<pose>Unspecified</pose>
		<truncated>0</truncated>
		<difficult>0</difficult>
		<bndbox>
			<xmin>15</xmin>
			<ymin>12</ymin>
			<xmax>67</xmax>
			<ymax>97</ymax>
		</bndbox>
	</object>
</annotation>
