<annotation>
	<folder>lbl</folder>
	<filename>img4877.jpg</filename>
	<path>D:\Ders\DeepLearning\Calismalar\lbl\img4877.jpg</path>
	<source>
		<database>Unknown</database>
	</source>
	<size>
		<width>123</width>
		<height>127</height>
		<depth>3</depth>
	</size>
	<segmented>0</segmented>
	<object>
		<name>wheat</name>
		<pose>Unspecified</pose>
		<truncated>0</truncated>
		<difficult>0</difficult>
		<bndbox>
			<xmin>9</xmin>
			<ymin>22</ymin>
			<xmax>122</xmax>
			<ymax>121</ymax>
		</bndbox>
	</object>
</annotation>
