<annotation>
	<folder>lbl</folder>
	<filename>img4879.jpg</filename>
	<path>D:\Ders\DeepLearning\Calismalar\lbl\img4879.jpg</path>
	<source>
		<database>Unknown</database>
	</source>
	<size>
		<width>140</width>
		<height>87</height>
		<depth>3</depth>
	</size>
	<segmented>0</segmented>
	<object>
		<name>wheat</name>
		<pose>Unspecified</pose>
		<truncated>1</truncated>
		<difficult>0</difficult>
		<bndbox>
			<xmin>8</xmin>
			<ymin>16</ymin>
			<xmax>140</xmax>
			<ymax>77</ymax>
		</bndbox>
	</object>
</annotation>
