<annotation>
	<folder>lbl</folder>
	<filename>img4852.jpg</filename>
	<path>D:\Ders\DeepLearning\Calismalar\lbl\img4852.jpg</path>
	<source>
		<database>Unknown</database>
	</source>
	<size>
		<width>96</width>
		<height>153</height>
		<depth>3</depth>
	</size>
	<segmented>0</segmented>
	<object>
		<name>wheat</name>
		<pose>Unspecified</pose>
		<truncated>1</truncated>
		<difficult>0</difficult>
		<bndbox>
			<xmin>1</xmin>
			<ymin>1</ymin>
			<xmax>88</xmax>
			<ymax>149</ymax>
		</bndbox>
	</object>
</annotation>
