<annotation>
	<folder>lbl</folder>
	<filename>img4908.jpg</filename>
	<path>D:\Ders\DeepLearning\Calismalar\lbl\img4908.jpg</path>
	<source>
		<database>Unknown</database>
	</source>
	<size>
		<width>89</width>
		<height>106</height>
		<depth>3</depth>
	</size>
	<segmented>0</segmented>
	<object>
		<name>wheat</name>
		<pose>Unspecified</pose>
		<truncated>0</truncated>
		<difficult>0</difficult>
		<bndbox>
			<xmin>13</xmin>
			<ymin>27</ymin>
			<xmax>82</xmax>
			<ymax>105</ymax>
		</bndbox>
	</object>
</annotation>
