<annotation>
	<folder>lbl</folder>
	<filename>img4982.jpg</filename>
	<path>D:\Ders\DeepLearning\Calismalar\lbl\img4982.jpg</path>
	<source>
		<database>Unknown</database>
	</source>
	<size>
		<width>60</width>
		<height>91</height>
		<depth>3</depth>
	</size>
	<segmented>0</segmented>
	<object>
		<name>wheat</name>
		<pose>Unspecified</pose>
		<truncated>0</truncated>
		<difficult>0</difficult>
		<bndbox>
			<xmin>4</xmin>
			<ymin>13</ymin>
			<xmax>59</xmax>
			<ymax>88</ymax>
		</bndbox>
	</object>
</annotation>
