<annotation>
	<folder>lbl</folder>
	<filename>img4890.jpg</filename>
	<path>D:\Ders\DeepLearning\Calismalar\lbl\img4890.jpg</path>
	<source>
		<database>Unknown</database>
	</source>
	<size>
		<width>64</width>
		<height>58</height>
		<depth>3</depth>
	</size>
	<segmented>0</segmented>
	<object>
		<name>wheat</name>
		<pose>Unspecified</pose>
		<truncated>1</truncated>
		<difficult>0</difficult>
		<bndbox>
			<xmin>7</xmin>
			<ymin>6</ymin>
			<xmax>64</xmax>
			<ymax>54</ymax>
		</bndbox>
	</object>
</annotation>
