<annotation>
	<folder>lbl</folder>
	<filename>img4910.jpg</filename>
	<path>D:\Ders\DeepLearning\Calismalar\lbl\img4910.jpg</path>
	<source>
		<database>Unknown</database>
	</source>
	<size>
		<width>154</width>
		<height>163</height>
		<depth>3</depth>
	</size>
	<segmented>0</segmented>
	<object>
		<name>wheat</name>
		<pose>Unspecified</pose>
		<truncated>0</truncated>
		<difficult>0</difficult>
		<bndbox>
			<xmin>27</xmin>
			<ymin>31</ymin>
			<xmax>150</xmax>
			<ymax>160</ymax>
		</bndbox>
	</object>
</annotation>
