<annotation>
	<folder>lbl</folder>
	<filename>img4941.jpg</filename>
	<path>D:\Ders\DeepLearning\Calismalar\lbl\img4941.jpg</path>
	<source>
		<database>Unknown</database>
	</source>
	<size>
		<width>128</width>
		<height>71</height>
		<depth>3</depth>
	</size>
	<segmented>0</segmented>
	<object>
		<name>wheat</name>
		<pose>Unspecified</pose>
		<truncated>1</truncated>
		<difficult>0</difficult>
		<bndbox>
			<xmin>5</xmin>
			<ymin>9</ymin>
			<xmax>128</xmax>
			<ymax>67</ymax>
		</bndbox>
	</object>
</annotation>
