<annotation>
	<folder>lbl</folder>
	<filename>img4809.jpg</filename>
	<path>D:\Ders\DeepLearning\Calismalar\lbl\img4809.jpg</path>
	<source>
		<database>Unknown</database>
	</source>
	<size>
		<width>172</width>
		<height>68</height>
		<depth>3</depth>
	</size>
	<segmented>0</segmented>
	<object>
		<name>wheat</name>
		<pose>Unspecified</pose>
		<truncated>1</truncated>
		<difficult>0</difficult>
		<bndbox>
			<xmin>1</xmin>
			<ymin>1</ymin>
			<xmax>172</xmax>
			<ymax>67</ymax>
		</bndbox>
	</object>
</annotation>
