<annotation>
	<folder>lbl</folder>
	<filename>img4997.jpg</filename>
	<path>D:\Ders\DeepLearning\Calismalar\lbl\img4997.jpg</path>
	<source>
		<database>Unknown</database>
	</source>
	<size>
		<width>126</width>
		<height>178</height>
		<depth>3</depth>
	</size>
	<segmented>0</segmented>
	<object>
		<name>wheat</name>
		<pose>Unspecified</pose>
		<truncated>1</truncated>
		<difficult>0</difficult>
		<bndbox>
			<xmin>1</xmin>
			<ymin>6</ymin>
			<xmax>126</xmax>
			<ymax>159</ymax>
		</bndbox>
	</object>
</annotation>
