<annotation>
	<folder>lbl</folder>
	<filename>img4945.jpg</filename>
	<path>D:\Ders\DeepLearning\Calismalar\lbl\img4945.jpg</path>
	<source>
		<database>Unknown</database>
	</source>
	<size>
		<width>77</width>
		<height>140</height>
		<depth>3</depth>
	</size>
	<segmented>0</segmented>
	<object>
		<name>wheat</name>
		<pose>Unspecified</pose>
		<truncated>1</truncated>
		<difficult>0</difficult>
		<bndbox>
			<xmin>3</xmin>
			<ymin>9</ymin>
			<xmax>77</xmax>
			<ymax>133</ymax>
		</bndbox>
	</object>
</annotation>
