<annotation>
	<folder>lbl</folder>
	<filename>img4815.jpg</filename>
	<path>D:\Ders\DeepLearning\Calismalar\lbl\img4815.jpg</path>
	<source>
		<database>Unknown</database>
	</source>
	<size>
		<width>86</width>
		<height>161</height>
		<depth>3</depth>
	</size>
	<segmented>0</segmented>
	<object>
		<name>wheat</name>
		<pose>Unspecified</pose>
		<truncated>0</truncated>
		<difficult>0</difficult>
		<bndbox>
			<xmin>8</xmin>
			<ymin>5</ymin>
			<xmax>85</xmax>
			<ymax>158</ymax>
		</bndbox>
	</object>
</annotation>
