<annotation>
	<folder>lbl</folder>
	<filename>img4906.jpg</filename>
	<path>D:\Ders\DeepLearning\Calismalar\lbl\img4906.jpg</path>
	<source>
		<database>Unknown</database>
	</source>
	<size>
		<width>69</width>
		<height>66</height>
		<depth>3</depth>
	</size>
	<segmented>0</segmented>
	<object>
		<name>wheat</name>
		<pose>Unspecified</pose>
		<truncated>0</truncated>
		<difficult>0</difficult>
		<bndbox>
			<xmin>8</xmin>
			<ymin>13</ymin>
			<xmax>67</xmax>
			<ymax>60</ymax>
		</bndbox>
	</object>
</annotation>
