<annotation>
	<folder>lbl</folder>
	<filename>img4886.jpg</filename>
	<path>D:\Ders\DeepLearning\Calismalar\lbl\img4886.jpg</path>
	<source>
		<database>Unknown</database>
	</source>
	<size>
		<width>64</width>
		<height>38</height>
		<depth>3</depth>
	</size>
	<segmented>0</segmented>
	<object>
		<name>wheat</name>
		<pose>Unspecified</pose>
		<truncated>1</truncated>
		<difficult>0</difficult>
		<bndbox>
			<xmin>9</xmin>
			<ymin>10</ymin>
			<xmax>54</xmax>
			<ymax>38</ymax>
		</bndbox>
	</object>
</annotation>
