<annotation>
	<folder>lbl</folder>
	<filename>img4875.jpg</filename>
	<path>D:\Ders\DeepLearning\Calismalar\lbl\img4875.jpg</path>
	<source>
		<database>Unknown</database>
	</source>
	<size>
		<width>210</width>
		<height>62</height>
		<depth>3</depth>
	</size>
	<segmented>0</segmented>
	<object>
		<name>wheat</name>
		<pose>Unspecified</pose>
		<truncated>1</truncated>
		<difficult>0</difficult>
		<bndbox>
			<xmin>12</xmin>
			<ymin>6</ymin>
			<xmax>210</xmax>
			<ymax>59</ymax>
		</bndbox>
	</object>
</annotation>
