<annotation>
	<folder>lbl</folder>
	<filename>img4858.jpg</filename>
	<path>D:\Ders\DeepLearning\Calismalar\lbl\img4858.jpg</path>
	<source>
		<database>Unknown</database>
	</source>
	<size>
		<width>164</width>
		<height>93</height>
		<depth>3</depth>
	</size>
	<segmented>0</segmented>
	<object>
		<name>wheat</name>
		<pose>Unspecified</pose>
		<truncated>1</truncated>
		<difficult>0</difficult>
		<bndbox>
			<xmin>17</xmin>
			<ymin>24</ymin>
			<xmax>157</xmax>
			<ymax>93</ymax>
		</bndbox>
	</object>
</annotation>
