<annotation>
	<folder>lbl</folder>
	<filename>img4811.jpg</filename>
	<path>D:\Ders\DeepLearning\Calismalar\lbl\img4811.jpg</path>
	<source>
		<database>Unknown</database>
	</source>
	<size>
		<width>77</width>
		<height>63</height>
		<depth>3</depth>
	</size>
	<segmented>0</segmented>
	<object>
		<name>wheat</name>
		<pose>Unspecified</pose>
		<truncated>0</truncated>
		<difficult>0</difficult>
		<bndbox>
			<xmin>11</xmin>
			<ymin>3</ymin>
			<xmax>69</xmax>
			<ymax>58</ymax>
		</bndbox>
	</object>
</annotation>
