<annotation>
	<folder>lbl</folder>
	<filename>img4965.jpg</filename>
	<path>D:\Ders\DeepLearning\Calismalar\lbl\img4965.jpg</path>
	<source>
		<database>Unknown</database>
	</source>
	<size>
		<width>63</width>
		<height>103</height>
		<depth>3</depth>
	</size>
	<segmented>0</segmented>
	<object>
		<name>wheat</name>
		<pose>Unspecified</pose>
		<truncated>0</truncated>
		<difficult>0</difficult>
		<bndbox>
			<xmin>3</xmin>
			<ymin>6</ymin>
			<xmax>62</xmax>
			<ymax>101</ymax>
		</bndbox>
	</object>
</annotation>
