<annotation>
	<folder>lbl</folder>
	<filename>img4944.jpg</filename>
	<path>D:\Ders\DeepLearning\Calismalar\lbl\img4944.jpg</path>
	<source>
		<database>Unknown</database>
	</source>
	<size>
		<width>94</width>
		<height>90</height>
		<depth>3</depth>
	</size>
	<segmented>0</segmented>
	<object>
		<name>wheat</name>
		<pose>Unspecified</pose>
		<truncated>1</truncated>
		<difficult>0</difficult>
		<bndbox>
			<xmin>1</xmin>
			<ymin>2</ymin>
			<xmax>82</xmax>
			<ymax>90</ymax>
		</bndbox>
	</object>
</annotation>
