<annotation>
	<folder>lbl</folder>
	<filename>img713.jpg</filename>
	<path>D:\Ders\DeepLearning\Calismalar\lbl\img713.jpg</path>
	<source>
		<database>Unknown</database>
	</source>
	<size>
		<width>120</width>
		<height>80</height>
		<depth>3</depth>
	</size>
	<segmented>0</segmented>
	<object>
		<name>wheat</name>
		<pose>Unspecified</pose>
		<truncated>1</truncated>
		<difficult>0</difficult>
		<bndbox>
			<xmin>5</xmin>
			<ymin>5</ymin>
			<xmax>120</xmax>
			<ymax>75</ymax>
		</bndbox>
	</object>
</annotation>
