<annotation>
	<folder>lbl</folder>
	<filename>img723.jpg</filename>
	<path>D:\Ders\DeepLearning\Calismalar\lbl\img723.jpg</path>
	<source>
		<database>Unknown</database>
	</source>
	<size>
		<width>56</width>
		<height>93</height>
		<depth>3</depth>
	</size>
	<segmented>0</segmented>
	<object>
		<name>wheat</name>
		<pose>Unspecified</pose>
		<truncated>0</truncated>
		<difficult>0</difficult>
		<bndbox>
			<xmin>6</xmin>
			<ymin>9</ymin>
			<xmax>55</xmax>
			<ymax>90</ymax>
		</bndbox>
	</object>
</annotation>
