<annotation>
	<folder>lbl</folder>
	<filename>img738.jpg</filename>
	<path>D:\Ders\DeepLearning\Calismalar\lbl\img738.jpg</path>
	<source>
		<database>Unknown</database>
	</source>
	<size>
		<width>99</width>
		<height>82</height>
		<depth>3</depth>
	</size>
	<segmented>0</segmented>
	<object>
		<name>wheat</name>
		<pose>Unspecified</pose>
		<truncated>1</truncated>
		<difficult>0</difficult>
		<bndbox>
			<xmin>5</xmin>
			<ymin>13</ymin>
			<xmax>99</xmax>
			<ymax>71</ymax>
		</bndbox>
	</object>
</annotation>
