<annotation>
	<folder>lbl</folder>
	<filename>img707.jpg</filename>
	<path>D:\Ders\DeepLearning\Calismalar\lbl\img707.jpg</path>
	<source>
		<database>Unknown</database>
	</source>
	<size>
		<width>100</width>
		<height>102</height>
		<depth>3</depth>
	</size>
	<segmented>0</segmented>
	<object>
		<name>wheat</name>
		<pose>Unspecified</pose>
		<truncated>1</truncated>
		<difficult>0</difficult>
		<bndbox>
			<xmin>3</xmin>
			<ymin>9</ymin>
			<xmax>97</xmax>
			<ymax>102</ymax>
		</bndbox>
	</object>
</annotation>
