<annotation>
	<folder>lbl</folder>
	<filename>img717.jpg</filename>
	<path>D:\Ders\DeepLearning\Calismalar\lbl\img717.jpg</path>
	<source>
		<database>Unknown</database>
	</source>
	<size>
		<width>161</width>
		<height>156</height>
		<depth>3</depth>
	</size>
	<segmented>0</segmented>
	<object>
		<name>wheat</name>
		<pose>Unspecified</pose>
		<truncated>1</truncated>
		<difficult>0</difficult>
		<bndbox>
			<xmin>1</xmin>
			<ymin>24</ymin>
			<xmax>151</xmax>
			<ymax>150</ymax>
		</bndbox>
	</object>
</annotation>
