<annotation>
	<folder>lbl</folder>
	<filename>img711.jpg</filename>
	<path>D:\Ders\DeepLearning\Calismalar\lbl\img711.jpg</path>
	<source>
		<database>Unknown</database>
	</source>
	<size>
		<width>100</width>
		<height>78</height>
		<depth>3</depth>
	</size>
	<segmented>0</segmented>
	<object>
		<name>wheat</name>
		<pose>Unspecified</pose>
		<truncated>1</truncated>
		<difficult>0</difficult>
		<bndbox>
			<xmin>2</xmin>
			<ymin>7</ymin>
			<xmax>100</xmax>
			<ymax>75</ymax>
		</bndbox>
	</object>
</annotation>
