<annotation>
	<folder>lbl</folder>
	<filename>img703.jpg</filename>
	<path>D:\Ders\DeepLearning\Calismalar\lbl\img703.jpg</path>
	<source>
		<database>Unknown</database>
	</source>
	<size>
		<width>101</width>
		<height>71</height>
		<depth>3</depth>
	</size>
	<segmented>0</segmented>
	<object>
		<name>wheat</name>
		<pose>Unspecified</pose>
		<truncated>1</truncated>
		<difficult>0</difficult>
		<bndbox>
			<xmin>1</xmin>
			<ymin>3</ymin>
			<xmax>101</xmax>
			<ymax>64</ymax>
		</bndbox>
	</object>
</annotation>
